dataset,retained_budget,method_left,method_right,intersection,union,jaccard,left_ECov_slot,right_ECov_slot,left_delta_NLL,right_delta_NLL,left_EAR,right_EAR
HotpotQA,0.25,StreamingLLMPress,SnapKVPress,20,52,0.38461538461538464,0.11666666666666667,0.21372974537037037,1.9182326384073,0.810631106779109,,
HotpotQA,0.25,StreamingLLMPress,TOVAPress,13,54,0.24074074074074073,0.1794871794871795,0.29024216524216523,2.0022136220445867,1.1624918289852846,,
HotpotQA,0.25,StreamingLLMPress,KeyDiffPress,40,108,0.37037037037037035,0.12083333333333332,0.04116753472222222,2.140508554275867,4.631575867024411,,
HotpotQA,0.25,StreamingLLMPress,ChunkKVPress_Knorm,43,106,0.4056603773584906,0.10077519379844961,0.17048880275624462,1.9699671363346405,3.301900859997782,,
HotpotQA,0.25,StreamingLLMPress,AdaKVPress,17,51,0.3333333333333333,0.13725490196078433,0.26681644880174293,1.894238671064483,0.8068991366421743,,
HotpotQA,0.25,StreamingLLMPress,QuantizedCache,46,111,0.4144144144144144,0.10507246376811594,1.0,2.0147585560512558,5.682192254889653,,
HotpotQA,0.25,SnapKVPress,TOVAPress,7,32,0.21875,0.23420965608465608,0.24537037037037038,1.294172347665485,1.520430717926746,,
HotpotQA,0.25,SnapKVPress,KeyDiffPress,19,101,0.18811881188118812,0.24299159356725145,0.0508010477582846,0.9735175316528135,3.1407930055107864,,
HotpotQA,0.25,SnapKVPress,ChunkKVPress_Knorm,18,103,0.17475728155339806,0.1870659722222222,0.14917695473251028,0.8931893220313429,3.1616922632323985,,
HotpotQA,0.25,SnapKVPress,AdaKVPress,14,26,0.5384615384615384,0.2300760582010582,0.2605820105820106,0.9591095426024154,0.7158695177846873,,
HotpotQA,0.25,SnapKVPress,QuantizedCache,20,109,0.1834862385321101,0.212572337962963,1.0,0.8230167372447157,5.0885049287318695,,
HotpotQA,0.25,TOVAPress,KeyDiffPress,16,99,0.16161616161616163,0.31626157407407407,0.056712962962962965,1.1205693423515335,4.068197558779192,,
HotpotQA,0.25,TOVAPress,ChunkKVPress_Knorm,17,99,0.1717171717171717,0.3156318082788671,0.17674291938997821,1.1623348187031723,3.300639824614056,,
HotpotQA,0.25,TOVAPress,AdaKVPress,9,26,0.34615384615384615,0.26954732510288065,0.33121141975308643,1.1825759044566464,0.8171640552001461,,
HotpotQA,0.25,TOVAPress,QuantizedCache,17,107,0.1588785046728972,0.3156318082788671,1.0,1.1623348187031723,7.162983399240175,,
HotpotQA,0.25,KeyDiffPress,ChunkKVPress_Knorm,83,114,0.7280701754385965,0.053366242748772864,0.1717983043284248,3.987965956852348,2.950479419883598,,
HotpotQA,0.25,KeyDiffPress,AdaKVPress,14,102,0.13725490196078433,0.03265542328042328,0.3492890211640211,3.360667282678718,0.8939871268094823,,
HotpotQA,0.25,KeyDiffPress,QuantizedCache,84,121,0.6942148760330579,0.06130814594356261,1.0,3.5773257773642126,6.987752644355494,,
HotpotQA,0.25,ChunkKVPress_Knorm,AdaKVPress,16,101,0.15841584158415842,0.18981481481481483,0.28761574074074076,2.665650026053429,0.8443247124031827,,
HotpotQA,0.25,ChunkKVPress_Knorm,QuantizedCache,84,122,0.6885245901639344,0.18036265432098764,1.0,2.9282677932102703,6.575181051288857,,
HotpotQA,0.25,AdaKVPress,QuantizedCache,18,107,0.16822429906542055,0.30340149176954734,1.0,0.762087419750762,4.764978502293079,,
HotpotQA,0.5,StreamingLLMPress,SnapKVPress,7,39,0.1794871794871795,0.23809523809523808,0.5615079365079365,1.7540966214903586,0.6628220179010101,,
HotpotQA,0.5,StreamingLLMPress,TOVAPress,5,39,0.1282051282051282,0.3,0.774074074074074,1.4208458215278519,0.5536826554805359,,
HotpotQA,0.5,StreamingLLMPress,KeyDiffPress,19,68,0.27941176470588236,0.4385964912280702,0.42641325536062374,1.7896330850768962,1.9897582178358222,,
HotpotQA,0.5,StreamingLLMPress,ThinKPress,36,124,0.2903225806451613,0.2916666666666667,1.0,2.01826328014541,10.677031738656853,,
HotpotQA,0.5,StreamingLLMPress,ChunkKVPress_Knorm,24,77,0.3116883116883117,0.34722222222222227,0.4611304012345679,2.0056272088210987,1.2881331786901713,,
HotpotQA,0.5,StreamingLLMPress,AdaKVPress,6,38,0.15789473684210525,0.3888888888888889,0.6403356481481481,1.2609163528204457,0.36743561727414864,,
HotpotQA,0.5,StreamingLLMPress,QuantizedCache,4,40,0.1,0.5,1.0,0.019921749981254733,0.04999690109743815,,
HotpotQA,0.5,SnapKVPress,TOVAPress,5,13,0.38461538461538464,0.6916666666666667,0.7722222222222223,0.38288202879330197,0.4776908280907269,,
HotpotQA,0.5,SnapKVPress,KeyDiffPress,8,53,0.1509433962264151,0.5572916666666666,0.4678819444444444,0.7897585417957492,1.0884874134412605,,
HotpotQA,0.5,SnapKVPress,ThinKPress,9,125,0.072,0.5246913580246914,1.0,0.7690672603965434,9.350686585000751,,
HotpotQA,0.5,SnapKVPress,ChunkKVPress_Knorm,8,67,0.11940298507462686,0.5842013888888888,0.4184027777777778,0.7886360612101941,1.0175735949474547,,
HotpotQA,0.5,SnapKVPress,AdaKVPress,6,12,0.5,0.5152391975308642,0.5173611111111112,0.7527544695417462,0.5649424277547265,,
HotpotQA,0.5,SnapKVPress,QuantizedCache,3,15,0.2,0.7256944444444443,1.0,0.2351454862883521,0.0004434062472142841,,
HotpotQA,0.5,TOVAPress,KeyDiffPress,5,54,0.09259259259259259,0.763888888888889,0.48611111111111116,0.5433456626472528,0.9020863520094926,,
HotpotQA,0.5,TOVAPress,ThinKPress,6,126,0.047619047619047616,0.7608024691358025,1.0,0.7647511416026301,9.45823294906256,,
HotpotQA,0.5,TOVAPress,ChunkKVPress_Knorm,8,65,0.12307692307692308,0.7667824074074074,0.47627314814814814,0.5735633562019726,1.1565584000311655,,
HotpotQA,0.5,TOVAPress,AdaKVPress,3,13,0.23076923076923078,0.8101851851851851,0.6228780864197531,0.18945352274684435,0.4000845904335207,,
HotpotQA,0.5,TOVAPress,QuantizedCache,4,12,0.3333333333333333,0.7569444444444444,1.0,0.5607272904549657,0.05049863967531598,,
HotpotQA,0.5,KeyDiffPress,ThinKPress,50,125,0.4,0.4093287037037037,1.0,1.5128572050138496,11.139953090837235,,
HotpotQA,0.5,KeyDiffPress,ChunkKVPress_Knorm,41,75,0.5466666666666666,0.42641994128274613,0.42903116531165314,1.3988742960221856,1.65973568128459,,
HotpotQA,0.5,KeyDiffPress,AdaKVPress,6,53,0.11320754716981132,0.44579475308641975,0.6060956790123456,0.7982629715598932,0.49401317680788037,,
HotpotQA,0.5,KeyDiffPress,QuantizedCache,8,51,0.1568627450980392,0.4763454861111111,1.0,0.9292638466626122,0.0247395649243094,,
HotpotQA,0.5,ThinKPress,ChunkKVPress_Knorm,63,126,0.5,1.0,0.42500734861845973,11.72268526317625,1.8875837713200707,,
HotpotQA,0.5,ThinKPress,AdaKVPress,8,124,0.06451612903225806,1.0,0.5922309027777778,7.774739715878925,0.42309936869976394,,
HotpotQA,0.5,ThinKPress,QuantizedCache,7,125,0.056,1.0,1.0,8.52735007916432,0.02827378848492503,,
HotpotQA,0.5,ChunkKVPress_Knorm,AdaKVPress,6,67,0.08955223880597014,0.43904320987654316,0.6035879629629629,0.884120905057051,0.515066161830131,,
HotpotQA,0.5,ChunkKVPress_Knorm,QuantizedCache,8,65,0.12307692307692308,0.3645833333333333,1.0,1.4880510762123267,0.0247395649243094,,
HotpotQA,0.5,AdaKVPress,QuantizedCache,2,14,0.14285714285714285,0.7873263888888888,1.0,7.293981191480725e-05,1.716449150990229e-05,,
HotpotQA,0.75,StreamingLLMPress,SnapKVPress,3,17,0.17647058823529413,0.611111111111111,0.9239969135802468,0.5783200707115946,0.1533272136282479,,
HotpotQA,0.75,StreamingLLMPress,TOVAPress,2,16,0.125,0.75,0.9930555555555556,0.0,0.0,,
HotpotQA,0.75,StreamingLLMPress,KeyDiffPress,6,33,0.18181818181818182,0.7222222222222222,0.8686342592592592,1.7112922093573337,0.6107387066825645,,
HotpotQA,0.75,StreamingLLMPress,ThinKPress,6,25,0.24,0.6388888888888888,1.0,1.4210549655818958,0.0023461568504959582,,
HotpotQA,0.75,StreamingLLMPress,ChunkKVPress_Knorm,8,42,0.19047619047619047,0.6458333333333334,0.736111111111111,1.5254795707364976,0.954700887921517,,
HotpotQA,0.75,StreamingLLMPress,AdaKVPress,3,17,0.17647058823529413,0.8333333333333334,0.9322916666666666,2.8060547865305097e-05,-1.8737434099117916e-06,,
HotpotQA,0.75,StreamingLLMPress,QuantizedCache,1,17,0.058823529411764705,1.0,1.0,8.418164359591529e-05,2.812369954563465e-05,,
HotpotQA,0.75,SnapKVPress,TOVAPress,2,6,0.3333333333333333,0.9427083333333333,0.9930555555555556,0.0,0.0,,
HotpotQA,0.75,SnapKVPress,KeyDiffPress,3,26,0.11538461538461539,0.9060570987654321,0.898533950617284,0.27897141436421863,0.3358278659796124,,
HotpotQA,0.75,SnapKVPress,ThinKPress,3,18,0.16666666666666666,0.9126157407407408,1.0,0.12564420073597074,-0.005596694168520895,,
HotpotQA,0.75,SnapKVPress,ChunkKVPress_Knorm,4,36,0.1111111111111111,0.9061053240740741,0.7743055555555556,0.20922856077316399,0.23056887630815198,,
HotpotQA,0.75,SnapKVPress,AdaKVPress,3,7,0.42857142857142855,0.9126157407407408,0.8807870370370371,0.12564420073597074,0.15127123637649223,,
HotpotQA,0.75,TOVAPress,KeyDiffPress,2,25,0.08,0.9861111111111112,0.8836805555555556,0.3072474664128677,-0.0015427199306234929,,
HotpotQA,0.75,TOVAPress,ThinKPress,2,17,0.11764705882352941,0.9930555555555556,1.0,0.0,0.0,,
HotpotQA,0.75,TOVAPress,ChunkKVPress_Knorm,2,36,0.05555555555555555,0.9930555555555556,0.5833333333333333,0.0,0.0,,
HotpotQA,0.75,TOVAPress,AdaKVPress,2,6,0.3333333333333333,0.9930555555555556,0.8984375,0.0,0.0,,
HotpotQA,0.75,KeyDiffPress,ThinKPress,11,29,0.3793103448275862,0.8826283670033669,1.0,0.2685142406591177,0.006401816568588747,,
HotpotQA,0.75,KeyDiffPress,ChunkKVPress_Knorm,14,45,0.3111111111111111,0.9057953042328043,0.6990740740740741,0.20872009302699565,1.0199774023426464,,
HotpotQA,0.75,KeyDiffPress,AdaKVPress,4,25,0.16,0.9184027777777778,0.9084201388888888,-0.031628771032487346,0.11419735896555838,,
HotpotQA,0.75,KeyDiffPress,QuantizedCache,3,24,0.125,0.9363425925925926,1.0,-0.014472908628599365,0.0037941529508157914,,
HotpotQA,0.75,ThinKPress,ChunkKVPress_Knorm,11,40,0.275,1.0,0.7037037037037037,0.006041650303531008,0.8554010507704087,,
HotpotQA,0.75,ThinKPress,AdaKVPress,5,16,0.3125,1.0,0.8947916666666667,0.0008173704254649472,0.09135788717244671,,
HotpotQA,0.75,ThinKPress,QuantizedCache,3,16,0.1875,1.0,1.0,0.004443286558154884,0.0037941529508157914,,
HotpotQA,0.75,ChunkKVPress_Knorm,AdaKVPress,5,35,0.14285714285714285,0.6777777777777778,0.8947916666666667,0.04162098826743286,0.09135788717244671,,
HotpotQA,0.75,ChunkKVPress_Knorm,QuantizedCache,3,35,0.08571428571428572,0.75,1.0,0.08078134455496604,0.0037941529508157914,,
HotpotQA,0.75,AdaKVPress,QuantizedCache,1,7,0.14285714285714285,1.0,1.0,-5.6212302297353745e-06,2.812369954563465e-05,,
Qasper,0.25,StreamingLLMPress,SnapKVPress,6,27,0.2222222222222222,0.0,0.2152777777777778,2.066258023155265,0.5925709694886687,,
Qasper,0.25,StreamingLLMPress,TOVAPress,8,28,0.2857142857142857,0.0,0.4201388888888889,2.19392923344867,0.3826448267733703,,
Qasper,0.25,StreamingLLMPress,KeyDiffPress,22,38,0.5789473684210527,0.0,0.06636679292929293,1.8374513731705955,2.647709999838722,,
Qasper,0.25,StreamingLLMPress,ChunkKVPress_Knorm,15,35,0.42857142857142855,0.0,0.15185185185185185,2.0632709110158527,2.077669652301046,,
Qasper,0.25,StreamingLLMPress,AdaKVPress,6,27,0.2222222222222222,0.0,0.2633101851851852,2.066258023155265,0.7554020264448079,,
Qasper,0.25,StreamingLLMPress,QuantizedCache,24,44,0.5454545454545454,0.0,1.0,1.7741115844895623,3.780728075549774,,
Qasper,0.25,SnapKVPress,TOVAPress,7,10,0.7,0.24503968253968253,0.42857142857142855,0.5539976326341146,0.3593695424074041,,
Qasper,0.25,SnapKVPress,KeyDiffPress,7,34,0.20588235294117646,0.24503968253968253,0.0818452380952381,0.5539976326341146,2.4030950910749724,,
Qasper,0.25,SnapKVPress,ChunkKVPress_Knorm,6,25,0.24,0.234375,0.12962962962962962,0.5333197953373434,2.0687481377773826,,
Qasper,0.25,SnapKVPress,AdaKVPress,7,7,1.0,0.24503968253968253,0.28670634920634924,0.5539976326341146,0.646889997745184,,
Qasper,0.25,SnapKVPress,QuantizedCache,7,42,0.16666666666666666,0.24503968253968253,1.0,0.5539976326341146,5.516163789730994,,
Qasper,0.25,TOVAPress,KeyDiffPress,9,35,0.2571428571428571,0.4382716049382716,0.08950617283950618,0.33738968005703757,2.277998287810365,,
Qasper,0.25,TOVAPress,ChunkKVPress_Knorm,8,26,0.3076923076923077,0.4444444444444444,0.2013888888888889,0.32157606065730443,2.422539759983284,,
Qasper,0.25,TOVAPress,AdaKVPress,7,10,0.7,0.42857142857142855,0.28670634920634924,0.3593695424074041,0.646889997745184,,
Qasper,0.25,TOVAPress,QuantizedCache,10,42,0.23809523809523808,0.4583333333333333,1.0,0.29316261319154685,5.525764894615266,,
Qasper,0.25,KeyDiffPress,ChunkKVPress_Knorm,23,35,0.6571428571428571,0.05298913043478261,0.11714975845410627,2.5594375079951353,1.9066932668228203,,
Qasper,0.25,KeyDiffPress,AdaKVPress,7,34,0.20588235294117646,0.0818452380952381,0.28670634920634924,2.4030950910749724,0.646889997745184,,
Qasper,0.25,KeyDiffPress,QuantizedCache,31,45,0.6888888888888889,0.07028449820788531,1.0,2.4011339841922386,3.793198916580182,,
Qasper,0.25,ChunkKVPress_Knorm,AdaKVPress,6,25,0.24,0.12962962962962962,0.2766203703703704,2.0687481377773826,0.6587402045925739,,
Qasper,0.25,ChunkKVPress_Knorm,QuantizedCache,24,42,0.5714285714285714,0.11689814814814814,1.0,2.0252188767352153,3.429651941795262,,
Qasper,0.25,AdaKVPress,QuantizedCache,7,42,0.16666666666666666,0.28670634920634924,1.0,0.646889997745184,5.516163789730994,,
Qasper,0.5,StreamingLLMPress,SnapKVPress,5,20,0.25,0.0,0.5395833333333334,1.785613520788648,0.08209058493599075,,
Qasper,0.5,StreamingLLMPress,TOVAPress,3,23,0.13043478260869565,0.0,0.8148148148148149,2.2524976440557984,0.1352092207467881,,
Qasper,0.5,StreamingLLMPress,KeyDiffPress,13,31,0.41935483870967744,0.0,0.5387286324786325,2.048093800150419,1.114167726889702,,
Qasper,0.5,StreamingLLMPress,ThinKPress,20,46,0.43478260869565216,0.0,1.0,2.0176870847447494,9.126358211775454,,
Qasper,0.5,StreamingLLMPress,ChunkKVPress_Knorm,12,30,0.4,0.0,0.4861111111111111,1.986674488602068,1.2576758979592264,,
Qasper,0.5,StreamingLLMPress,AdaKVPress,6,20,0.3,0.0,0.5815972222222222,2.1334172069417954,0.10026697071554107,,
Qasper,0.5,StreamingLLMPress,QuantizedCache,1,22,0.045454545454545456,0.0,1.0,1.3251834364963075,-0.03461147072128634,,
Qasper,0.5,SnapKVPress,TOVAPress,3,8,0.375,0.6099537037037037,0.8148148148148149,0.03664796227947683,0.1352092207467881,,
Qasper,0.5,SnapKVPress,KeyDiffPress,5,24,0.20833333333333334,0.5395833333333334,0.4180555555555555,0.08209058493599075,0.6023131033461475,,
Qasper,0.5,SnapKVPress,ThinKPress,5,46,0.10869565217391304,0.5395833333333334,1.0,0.08209058493599075,7.905558995469727,,
Qasper,0.5,SnapKVPress,ChunkKVPress_Knorm,4,23,0.17391304347826086,0.5208333333333334,0.5208333333333334,0.03688775488899884,0.6061676051100598,,
Qasper,0.5,SnapKVPress,AdaKVPress,5,6,0.8333333333333334,0.5395833333333334,0.58125,0.08209058493599075,0.06730283301135907,,
Qasper,0.5,SnapKVPress,QuantizedCache,1,7,0.14285714285714285,0.5972222222222222,1.0,0.02660973430491409,-0.03461147072128634,,
Qasper,0.5,TOVAPress,KeyDiffPress,5,25,0.2,0.8555555555555555,0.36527777777777776,0.11729143385508581,0.7398412504291327,,
Qasper,0.5,TOVAPress,ThinKPress,5,47,0.10638297872340426,0.8555555555555555,1.0,0.11729143385508581,9.444396084856855,,
Qasper,0.5,TOVAPress,ChunkKVPress_Knorm,5,23,0.21739130434782608,0.8555555555555555,0.42777777777777776,0.11729143385508581,0.5809354300873786,,
Qasper,0.5,TOVAPress,AdaKVPress,3,9,0.3333333333333333,0.8148148148148149,0.625,0.1352092207467881,0.08425014263153774,,
Qasper,0.5,TOVAPress,QuantizedCache,1,8,0.125,0.7777777777777778,1.0,0.04417625634327016,-0.03461147072128634,,
Qasper,0.5,KeyDiffPress,ThinKPress,24,46,0.5217391304347826,0.47294560185185186,1.0,0.8942943523806588,8.380769251976904,,
Qasper,0.5,KeyDiffPress,ChunkKVPress_Knorm,17,29,0.5862068965517241,0.40645424836601307,0.41503267973856206,1.0272478069722102,1.3064074334153064,,
Qasper,0.5,KeyDiffPress,AdaKVPress,6,24,0.25,0.3975694444444444,0.5815972222222222,1.1072702178048657,0.10026697071554107,,
Qasper,0.5,KeyDiffPress,QuantizedCache,2,25,0.08,0.3524305555555556,1.0,0.21716080573582025,-0.01730573536064317,,
Qasper,0.5,ThinKPress,ChunkKVPress_Knorm,22,46,0.4782608695652174,1.0,0.45454545454545453,8.783012347429993,1.3332623866036704,,
Qasper,0.5,ThinKPress,AdaKVPress,6,46,0.13043478260869565,1.0,0.5815972222222222,8.480675525278608,0.10026697071554107,,
Qasper,0.5,ThinKPress,QuantizedCache,3,46,0.06521739130434782,1.0,1.0,2.1066844170467967,-0.011537156907095447,,
Qasper,0.5,ChunkKVPress_Knorm,AdaKVPress,5,23,0.21739130434782608,0.4722222222222222,0.5770833333333334,0.8247732659706101,0.07841603769955004,,
Qasper,0.5,ChunkKVPress_Knorm,QuantizedCache,1,24,0.041666666666666664,0.3888888888888889,1.0,0.6632662751631758,-0.03461147072128634,,
Qasper,0.5,AdaKVPress,QuantizedCache,1,8,0.125,0.6180555555555556,1.0,0.032386219895127355,-0.03461147072128634,,
Qasper,0.75,StreamingLLMPress,KeyDiffPress,3,20,0.15,0.0,0.9513888888888888,1.834331280114199,0.21588084967016663,,
Qasper,0.75,StreamingLLMPress,ThinKPress,1,17,0.058823529411764705,0.0,1.0,3.005638822346711,0.05919149193489659,,
Qasper,0.75,StreamingLLMPress,ChunkKVPress_Knorm,1,25,0.04,0.0,0.9722222222222222,3.005638822346711,-0.5296121474151172,,
Qasper,0.75,SnapKVPress,ChunkKVPress_Knorm,1,14,0.07142857142857142,1.0,0.3333333333333333,0.0,0.0,,
Qasper,0.75,KeyDiffPress,ThinKPress,4,13,0.3076923076923077,0.8828125,1.0,0.3082785832677145,0.017406150519341856,,
Qasper,0.75,KeyDiffPress,ChunkKVPress_Knorm,6,19,0.3157894736842105,0.9236111111111112,0.7731481481481483,0.3489868160011535,0.28901895868628835,,
Qasper,0.75,ThinKPress,ChunkKVPress_Knorm,5,15,0.3333333333333333,1.0,0.6666666666666667,0.03250876494654995,-0.06942898157766382,,
Qasper,0.75,ChunkKVPress_Knorm,QuantizedCache,1,14,0.07142857142857142,0.3055555555555556,1.0,0.0,0.0,,
RULER-16K,0.25,StreamingLLMPress,SnapKVPress,130,768,0.16927083333333334,0.015384615384615385,0.44153000356125355,1.8863394487641938,0.5563015906964592,0.008131931119738747,0.042108181680513175
RULER-16K,0.25,StreamingLLMPress,TOVAPress,117,787,0.14866581956797967,0.01282051282051282,0.35905349794238683,2.0232636672453466,0.8883091200466046,0.006330603578900423,0.11995940392305296
RULER-16K,0.25,StreamingLLMPress,KeyDiffPress,192,813,0.23616236162361623,0.049479166666666664,0.28150740258487655,1.889065636465863,1.1370780159859986,0.023595403149011148,0.05437378974840786
RULER-16K,0.25,StreamingLLMPress,ChunkKVPress_Knorm,357,829,0.43063932448733416,0.11778711484593839,0.4738912231559291,2.4149923277382865,1.4010635680081027,0.06935614458242427,
RULER-16K,0.25,StreamingLLMPress,AdaKVPress,105,764,0.13743455497382198,0.02142857142857143,0.44591876102292766,1.8947144495235182,0.47366941915691924,0.012385071807377761,
RULER-16K,0.25,StreamingLLMPress,QuantizedCache,692,929,0.7448869752421959,0.07304913294797688,1.0,2.283705533435563,2.412133681564107,0.04325730398229887,
RULER-16K,0.25,SnapKVPress,TOVAPress,47,279,0.16845878136200718,0.42085057131599685,0.5627068557919622,0.27452865433802287,0.4113100541912047,0.04587987273127999,0.2060521817183187
RULER-16K,0.25,SnapKVPress,KeyDiffPress,51,376,0.1356382978723404,0.43567651597676105,0.6861905410312272,0.13058436484658267,0.4175912438447108,0.045053850350146904,0.1434157240258536
RULER-16K,0.25,SnapKVPress,ChunkKVPress_Knorm,65,543,0.11970534069981584,0.4015162037037037,0.5642806267806267,0.24755556254372657,0.8025743738710519,0.0404504727018612,
RULER-16K,0.25,SnapKVPress,AdaKVPress,118,173,0.6820809248554913,0.4861655484934087,0.4722442914312618,0.5570941831943927,0.4319987595958925,0.04296763486427585,
RULER-16K,0.25,SnapKVPress,QuantizedCache,160,883,0.1812004530011325,0.4881919126157407,1.0,0.502370961163663,2.6146515933082095,0.04397450802960004,
RULER-16K,0.25,TOVAPress,KeyDiffPress,136,297,0.45791245791245794,0.3976273148148148,0.2651143790849673,0.8513268661383051,1.5589691417385187,0.13211220754053485,0.055437210207780876
RULER-16K,0.25,TOVAPress,ChunkKVPress_Knorm,139,475,0.2926315789473684,0.4021416200373035,0.24048427924327204,0.8209607532726511,1.6827155234626605,0.13392139476961373,
RULER-16K,0.25,TOVAPress,AdaKVPress,37,260,0.1423076923076923,0.6383883883883884,0.41665102602602605,0.12739191434859778,0.15803743692879366,0.24016850299292575,
RULER-16K,0.25,TOVAPress,QuantizedCache,166,883,0.18799546998867497,0.44506916555109327,1.0,0.7588132597260704,2.6645941766097403,0.14499052684101704,
RULER-16K,0.25,KeyDiffPress,ChunkKVPress_Knorm,219,496,0.4415322580645161,0.2986541835785557,0.3261077287332995,1.1981908804319006,1.5758076786375488,0.06146566426129762,
RULER-16K,0.25,KeyDiffPress,AdaKVPress,37,361,0.10249307479224377,0.7901510885885886,0.4379676551551552,0.049240007316372965,0.14067944179336003,0.14402925151645876,
RULER-16K,0.25,KeyDiffPress,QuantizedCache,261,889,0.29358830146231724,0.3552482439335888,1.0,1.0661225068454945,2.4065140741181668,0.06809168429029397,
RULER-16K,0.25,ChunkKVPress_Knorm,AdaKVPress,45,534,0.08426966292134831,0.6465946502057613,0.40607253086419753,0.5452537892948338,0.14066418576027584,,
RULER-16K,0.25,ChunkKVPress_Knorm,QuantizedCache,434,897,0.483835005574136,0.4653001792114695,1.0,1.3880780268710338,2.6797851784068025,,
RULER-16K,0.25,AdaKVPress,QuantizedCache,131,883,0.14835787089467722,0.48433391645462254,1.0,0.4086570547573384,2.5383140853798682,,
RULER-16K,0.5,StreamingLLMPress,SnapKVPress,18,571,0.03152364273204904,0.013888888888888888,0.6020961934156379,1.5505942664404664,0.14831371011068972,0.003199851650224102,0.044263433146101296
RULER-16K,0.5,StreamingLLMPress,TOVAPress,18,570,0.031578947368421054,0.027777777777777776,0.575,1.5623072058789769,0.20134837258981458,0.010228157142003116,0.14522312345516233
RULER-16K,0.5,StreamingLLMPress,KeyDiffPress,57,612,0.09313725490196079,0.15526315789473683,0.6126908706952566,1.5251409161754772,0.5944839365871126,0.06294568804568074,0.057759557203864345
RULER-16K,0.5,StreamingLLMPress,ThinKPress,555,951,0.583596214511041,0.15981981981981982,1.0,2.1071814186862676,8.002710413759104,0.07291800590507246,
RULER-16K,0.5,StreamingLLMPress,ChunkKVPress_Knorm,174,691,0.25180897250361794,0.2761494252873563,0.6747392507449979,2.6204294706504045,0.6581398078678794,0.13519791003545142,
RULER-16K,0.5,StreamingLLMPress,AdaKVPress,11,567,0.019400352733686066,0.0,0.5619318181818183,0.6667862416762627,-0.03496720891824312,0.0,
RULER-16K,0.5,StreamingLLMPress,QuantizedCache,15,568,0.02640845070422535,0.11666666666666667,1.0,0.007356431478748545,0.001874831438996812,0.04150083806449801,
RULER-16K,0.5,SnapKVPress,TOVAPress,8,59,0.13559322033898305,0.6666377314814815,0.8393518518518519,-0.00010215148931713713,-0.00019827916577891402,0.03977533930595438,0.22365794791252921
RULER-16K,0.5,SnapKVPress,KeyDiffPress,6,142,0.04225352112676056,0.5888310185185185,0.926099537037037,-0.03141062916878449,0.03268666049176735,0.03879245166955591,0.10690744163762517
RULER-16K,0.5,SnapKVPress,ThinKPress,34,951,0.035751840168243953,0.6386199618736383,1.0,0.1169118975661817,7.010288032844496,0.04119598021836834,
RULER-16K,0.5,SnapKVPress,ChunkKVPress_Knorm,15,329,0.04559270516717325,0.5748842592592592,0.6639506172839506,0.029442780104881786,0.31457474794372425,0.035510657618276605,
RULER-16K,0.5,SnapKVPress,AdaKVPress,18,39,0.46153846153846156,0.6032793209876544,0.5943222736625514,0.054145452949027395,-0.021966214320660163,0.03829796127826247,
RULER-16K,0.5,SnapKVPress,QuantizedCache,6,56,0.10714285714285714,0.517554012345679,1.0,-0.0001808119085258871,0.0030273172498880285,0.0326601322608433,
RULER-16K,0.5,TOVAPress,KeyDiffPress,15,132,0.11363636363636363,0.5572222222222222,0.531496913580247,0.19352909973635898,0.9514303638279811,0.15120357233638734,0.053582325005792714
RULER-16K,0.5,TOVAPress,ThinKPress,33,951,0.03470031545741325,0.6650392817059484,1.0,0.1345111425385289,6.791647538655454,0.18302737974239736,
RULER-16K,0.5,TOVAPress,ChunkKVPress_Knorm,22,321,0.06853582554517133,0.6486111111111111,0.5935606060606061,0.12224042210880093,0.4377591350296895,0.17674168799645248,
RULER-16K,0.5,TOVAPress,AdaKVPress,11,45,0.24444444444444444,0.8085016835016835,0.5900462962962962,-0.00025165817669722557,0.00010710152029267597,0.2254348069118815,
RULER-16K,0.5,TOVAPress,QuantizedCache,8,53,0.1509433962264151,0.790625,1.0,-0.00034003771888768686,0.0020410557501857607,0.19380858152682703,
RULER-16K,0.5,KeyDiffPress,ThinKPress,114,951,0.11987381703470032,0.5944870857699805,1.0,0.5945610404274931,6.542032549966474,0.06083548508222111,
RULER-16K,0.5,KeyDiffPress,ChunkKVPress_Knorm,76,348,0.21839080459770116,0.5176923428362573,0.4180190058479532,0.7265360509939559,1.0501803952852726,0.05490005177325201,
RULER-16K,0.5,KeyDiffPress,AdaKVPress,9,128,0.0703125,0.9325488683127572,0.556494341563786,0.021798145273546905,-0.08333137952163734,0.14060986891131097,
RULER-16K,0.5,KeyDiffPress,QuantizedCache,10,132,0.07575757575757576,0.9455439814814814,1.0,0.007079823498173932,0.0013212576706583157,0.1348865590265386,
RULER-16K,0.5,ThinKPress,ChunkKVPress_Knorm,310,951,0.32597266035751843,1.0,0.5665382317801673,8.387923470319482,0.8700574272232401,,
RULER-16K,0.5,ThinKPress,AdaKVPress,23,951,0.024185068349106203,1.0,0.5836805555555555,6.706322047375028,-0.017164838107754255,,
RULER-16K,0.5,ThinKPress,QuantizedCache,28,951,0.029442691903259727,1.0,1.0,6.6238416189577345,0.0020726812237071846,,
RULER-16K,0.5,ChunkKVPress_Knorm,AdaKVPress,17,316,0.05379746835443038,0.7519607843137255,0.5663807189542484,-0.008408687834589165,-0.044580976165472457,,
RULER-16K,0.5,ChunkKVPress_Knorm,QuantizedCache,18,320,0.05625,0.7806841563786008,1.0,0.025309118160529855,0.002911453111692719,,
RULER-16K,0.5,AdaKVPress,QuantizedCache,8,43,0.18604651162790697,0.49809027777777776,1.0,-4.710441331923221e-05,0.0037409839419311197,,
RULER-16K,0.75,StreamingLLMPress,SnapKVPress,4,311,0.012861736334405145,0.125,0.7976273148148149,0.03185979898525615,0.0008364596442517191,0.049525772880410206,0.05708773673005476
RULER-16K,0.75,StreamingLLMPress,TOVAPress,2,309,0.006472491909385114,0.0,0.9314814814814815,0.06525288557347153,-0.000803917379187169,0.0,0.2712092725603629
RULER-16K,0.75,StreamingLLMPress,KeyDiffPress,13,328,0.039634146341463415,0.34615384615384615,0.9727074430199429,0.36486236918038517,0.06614806461370239,0.11427711356939346,0.08459164524752542
RULER-16K,0.75,StreamingLLMPress,ThinKPress,4,315,0.012698412698412698,0.1875,1.0,0.030546089479396188,3.230851752833441e-05,0.056164857257217746,
RULER-16K,0.75,StreamingLLMPress,ChunkKVPress_Knorm,52,414,0.12560386473429952,0.40384615384615385,0.7706819800569801,2.9180596073607155,0.4346984329869347,0.19417343468981485,
RULER-16K,0.75,StreamingLLMPress,AdaKVPress,3,306,0.00980392156862745,0.0,0.8169753086419753,0.043507082608123714,-0.0003343569672627685,0.0,
RULER-16K,0.75,StreamingLLMPress,QuantizedCache,2,304,0.006578947368421052,0.0,1.0,0.06526149810090942,-9.880307203502525e-05,0.0,
RULER-16K,0.75,SnapKVPress,TOVAPress,5,17,0.29411764705882354,0.8763657407407408,0.9459259259259258,-0.00024044330976957795,-0.0003257579089175344,0.04594872329859291,0.22110496282636743
RULER-16K,0.75,SnapKVPress,KeyDiffPress,2,50,0.04,0.8987268518518519,0.994212962962963,-0.0005935858479897416,0.009123091573096875,0.042045618480784364,0.228172099155774
RULER-16K,0.75,SnapKVPress,ThinKPress,5,25,0.2,0.7990972222222222,1.0,0.09917347706828342,0.09563456716619304,0.07320632465054899,
RULER-16K,0.75,SnapKVPress,ChunkKVPress_Knorm,6,171,0.03508771929824561,0.7560763888888888,0.8016975308641975,0.0005580579998962776,0.002196792436161369,0.03712532927444731,
RULER-16K,0.75,SnapKVPress,AdaKVPress,4,16,0.25,0.8703414351851851,0.8383680555555555,-0.0003005442113657164,-0.0002563987336543505,0.049296869199129456,
RULER-16K,0.75,SnapKVPress,QuantizedCache,3,14,0.21428571428571427,0.8633101851851852,1.0,0.16528774683242395,0.049783691173504487,0.0964737419200743,
RULER-16K,0.75,TOVAPress,KeyDiffPress,3,45,0.06666666666666667,0.9450617283950616,0.9895833333333334,-0.0005359449194581126,0.006067112101271939,0.2619737069972211,0.20609634947914054
RULER-16K,0.75,TOVAPress,ThinKPress,4,22,0.18181818181818182,0.9143518518518519,1.0,-0.000498771257914199,0.000706082428853394,0.19175252914545327,
RULER-16K,0.75,TOVAPress,ChunkKVPress_Knorm,3,170,0.01764705882352941,0.9135802469135802,0.8052469135802469,-0.0005359449194581126,0.001969846331083621,0.23805301884055244,
RULER-16K,0.75,TOVAPress,AdaKVPress,4,12,0.3333333333333333,0.9462962962962963,0.8383680555555555,-0.00040648220663663803,-0.0002563987336543505,0.21297605246126614,
RULER-16K,0.75,TOVAPress,QuantizedCache,2,11,0.18181818181818182,0.9675925925925926,1.0,-0.0008033511705392016,-9.920536620811049e-05,0.22926904882851135,
RULER-16K,0.75,KeyDiffPress,ThinKPress,9,47,0.19148936170212766,0.9696887860082304,1.0,-0.011606365492252814,-0.01078948069658741,0.09169384138347562,
RULER-16K,0.75,KeyDiffPress,ChunkKVPress_Knorm,13,190,0.06842105263157895,0.9608618233618234,0.7840811965811965,0.07605535906476216,0.15577036921001583,0.08264934283035828,
RULER-16K,0.75,KeyDiffPress,AdaKVPress,4,42,0.09523809523809523,0.9850405092592592,0.7882523148148148,0.00843932325870378,3.0758050343138166e-05,0.09154865107586,
RULER-16K,0.75,KeyDiffPress,QuantizedCache,2,41,0.04878048780487805,0.9851851851851852,1.0,0.009103032449587545,-9.880307203502525e-05,0.0848025326420099,
RULER-16K,0.75,ThinKPress,ChunkKVPress_Knorm,8,173,0.046242774566473986,1.0,0.8557870370370371,0.0013610506675760803,0.015671707130796686,,
RULER-16K,0.75,ThinKPress,AdaKVPress,6,18,0.3333333333333333,1.0,0.7933256172839506,0.0005984333532782493,1.700965208328853e-05,,
RULER-16K,0.75,ThinKPress,QuantizedCache,3,18,0.16666666666666666,1.0,1.0,0.15918178851550616,0.04978395936961988,,
RULER-16K,0.75,ChunkKVPress_Knorm,AdaKVPress,5,166,0.030120481927710843,0.8137037037037036,0.7735185185185185,0.01028537197469177,2.4606440274510532e-05,,
RULER-16K,0.75,ChunkKVPress_Knorm,QuantizedCache,2,166,0.012048192771084338,0.8314814814814815,1.0,0.0029558423497633157,-9.880307203502525e-05,,
RULER-16K,0.75,AdaKVPress,QuantizedCache,3,8,0.375,0.8150462962962962,1.0,-0.0003345953946336522,-6.605743817308014e-05,,
RULER-8K,0.25,StreamingLLMPress,SnapKVPress,203,832,0.2439903846153846,0.03571428571428571,0.46235375615763546,1.581147967470818,0.9610641358473221,0.020700362846267396,0.045991222702117376
RULER-8K,0.25,StreamingLLMPress,TOVAPress,170,832,0.20432692307692307,0.016176470588235296,0.4305392156862745,1.6600979397841598,0.8545349491020735,0.009883410379119493,0.15493592745550422
RULER-8K,0.25,StreamingLLMPress,KeyDiffPress,244,838,0.2911694510739857,0.042008196721311473,0.3553954633424408,1.7031742025304906,1.0649533025547806,0.019202894075863022,0.07593753650502322
RULER-8K,0.25,StreamingLLMPress,ChunkKVPress_Knorm,419,883,0.47451868629671573,0.13329355608591886,0.43597520551577834,2.0691532757327478,1.6274096465562613,0.07943809395962245,
RULER-8K,0.25,StreamingLLMPress,AdaKVPress,199,823,0.24179829890643986,0.03391959798994975,0.4676885585334078,1.5357523834582796,0.8302311767862824,0.020865356923120672,
RULER-8K,0.25,StreamingLLMPress,QuantizedCache,670,940,0.7127659574468085,0.08007462686567164,1.0,2.151329355130513,2.48419695014755,0.04673940362360947,0.5453230671422064
RULER-8K,0.25,SnapKVPress,TOVAPress,100,359,0.2785515320334262,0.38996122685185186,0.537212962962963,0.5468099807134894,0.5913629234480303,0.048499211363659284,0.2086344782274388
RULER-8K,0.25,SnapKVPress,KeyDiffPress,93,446,0.2085201793721973,0.4076967592592593,0.601381421744325,0.32235557066612247,0.3717427516380961,0.05077108031716623,0.1427785134356775
RULER-8K,0.25,SnapKVPress,ChunkKVPress_Knorm,128,631,0.20285261489698891,0.45613109447337963,0.4615596064814815,0.4699688559752159,1.1117374543385017,0.050287177854197,
RULER-8K,0.25,SnapKVPress,AdaKVPress,209,270,0.774074074074074,0.4881520800106326,0.4730836323763955,0.987603183740069,0.8456850701110067,0.04557805618344377,
RULER-8K,0.25,SnapKVPress,QuantizedCache,223,844,0.26421800947867297,0.48294095665171893,1.0,0.8792283893644288,2.873710955160345,0.04676208207272576,0.5565771995536247
RULER-8K,0.25,TOVAPress,KeyDiffPress,154,352,0.4375,0.4147186147186147,0.3294785654160654,0.8910297266917497,1.2265969811832658,0.15273177007169272,0.085663878594715
RULER-8K,0.25,TOVAPress,ChunkKVPress_Knorm,185,541,0.3419593345656192,0.4340265265265265,0.2560585585585585,0.8841900875965406,1.62407080228378,0.1594118159962154,
RULER-8K,0.25,TOVAPress,AdaKVPress,90,356,0.25280898876404495,0.5780504115226337,0.39761381172839505,0.41998386316938113,0.45381071734341766,0.21861392733998847,
RULER-8K,0.25,TOVAPress,QuantizedCache,201,833,0.24129651860744297,0.4501174682144831,1.0,0.8544513378992876,2.9812062483909796,0.15939128728278656,0.4220697320828268
RULER-8K,0.25,KeyDiffPress,ChunkKVPress_Knorm,243,563,0.43161634103019536,0.32929931603414114,0.30458009449778994,1.096171443365404,1.578002287220472,0.07845970723884739,
RULER-8K,0.25,KeyDiffPress,AdaKVPress,77,449,0.1714922048997773,0.6565957190957191,0.40287022005772005,0.3308263355923105,0.39122305544451236,0.1524298277769988,
RULER-8K,0.25,KeyDiffPress,QuantizedCache,274,840,0.3261904761904762,0.35155215091916736,1.0,1.0712913486056936,2.699394602372932,0.07608184697931275,0.436527451090197
RULER-8K,0.25,ChunkKVPress_Knorm,AdaKVPress,114,632,0.18037974683544303,0.510908057179987,0.4589795524691358,1.0877205766225586,0.45521786214419657,,
RULER-8K,0.25,ChunkKVPress_Knorm,QuantizedCache,473,861,0.5493612078977933,0.4141091143998121,1.0,1.5902998673891011,2.781740646970749,,0.5384219301974652
RULER-8K,0.25,AdaKVPress,QuantizedCache,210,844,0.24881516587677724,0.4797117504409171,1.0,0.7760039452340033,2.767418428563067,,0.5749158521088757
RULER-8K,0.5,StreamingLLMPress,SnapKVPress,66,592,0.11148648648648649,0.05303030303030303,0.6591715768799102,1.5563891118259323,0.37893433449780545,0.018932691963607542,0.0461892253410657
RULER-8K,0.5,StreamingLLMPress,TOVAPress,26,569,0.04569420035149385,0.038461538461538464,0.7140491452991452,0.8696818051442802,0.048873162774646005,0.014818077362311433,0.204616789475977
RULER-8K,0.5,StreamingLLMPress,KeyDiffPress,86,601,0.14309484193011648,0.15988372093023256,0.6842437822997416,1.6343716909322794,0.5194760280602393,0.05132920156640966,0.07587639431825602
RULER-8K,0.5,StreamingLLMPress,ThinKPress,547,968,0.5650826446280992,0.17111517367458864,1.0,1.9545043265804383,7.779536337590376,0.07353894956600981,0.060427134169799994
RULER-8K,0.5,StreamingLLMPress,ChunkKVPress_Knorm,192,714,0.2689075630252101,0.2755208333333333,0.6590446566358025,2.035080342246598,1.0598163414098363,0.13062501358702788,
RULER-8K,0.5,StreamingLLMPress,AdaKVPress,41,577,0.07105719237435008,0.13414634146341464,0.6758807588075881,1.315994195408532,0.18801066435748745,0.04210728920844991,
RULER-8K,0.5,StreamingLLMPress,QuantizedCache,19,555,0.03423423423423423,0.17105263157894737,1.0,0.3442758442509092,0.006651959532471546,0.05332724568685655,0.9696817575097699
RULER-8K,0.5,SnapKVPress,TOVAPress,20,139,0.14388489208633093,0.6996006944444445,0.8314583333333333,0.028904022856486168,0.03340985852311262,0.05910642081646643,0.2359162798072501
RULER-8K,0.5,SnapKVPress,KeyDiffPress,26,225,0.11555555555555555,0.6825988247863248,0.8698651175213675,0.02505556495895298,0.011735155580065227,0.05482935994587111,0.14760421003793736
RULER-8K,0.5,SnapKVPress,ThinKPress,111,968,0.11466942148760331,0.6817989864864865,1.0,0.3450253256037458,7.547375978611216,0.04691018613929976,0.10280557831621137
RULER-8K,0.5,SnapKVPress,ChunkKVPress_Knorm,40,430,0.09302325581395349,0.6789482060185186,0.6950925925925926,0.05506598818070067,0.1470988332731467,0.05811441426656291,
RULER-8K,0.5,SnapKVPress,AdaKVPress,60,122,0.4918032786885246,0.7055516975308642,0.6704581404320987,0.3314914200138798,0.22568307613892252,0.04891966530283562,
RULER-8K,0.5,SnapKVPress,QuantizedCache,17,121,0.14049586776859505,0.7463609749455338,1.0,0.0064009903102141864,0.01089029965226158,0.06989754225921191,0.9675879705714036
RULER-8K,0.5,TOVAPress,KeyDiffPress,25,163,0.15337423312883436,0.7109074074074074,0.7069583333333334,0.1428128226843711,0.4443197296817798,0.1948215119137778,0.10428738432080444
RULER-8K,0.5,TOVAPress,ThinKPress,48,968,0.049586776859504134,0.7162712191358024,1.0,0.17669767064601838,6.821231495066915,0.19638258473075534,0.1559920796563565
RULER-8K,0.5,TOVAPress,ChunkKVPress_Knorm,42,365,0.11506849315068493,0.7061618165784832,0.5025352733686067,0.1949641828403293,0.650958557047558,0.19858732014951766,
RULER-8K,0.5,TOVAPress,AdaKVPress,16,103,0.1553398058252427,0.8348668981481482,0.6834599247685186,0.04196699138752241,0.021652532200992176,0.23100174773261317,
RULER-8K,0.5,TOVAPress,QuantizedCache,12,63,0.19047619047619047,0.8427854938271605,1.0,0.006736811541244947,0.010259753083714776,0.2555399157568178,0.9828867894083753
RULER-8K,0.5,KeyDiffPress,ThinKPress,140,968,0.1446280991735537,0.6534726355820106,1.0,0.5309993086714018,7.038681052492502,0.08358851388207526,0.12732592638543225
RULER-8K,0.5,KeyDiffPress,ChunkKVPress_Knorm,99,400,0.2475,0.574451108305275,0.48699962588851475,0.5927333369465594,0.8645555000860363,0.08571780481787694,
RULER-8K,0.5,KeyDiffPress,AdaKVPress,18,193,0.09326424870466321,0.864573688271605,0.6757169495884774,0.019614239340016153,0.019022284648403234,0.12837447776885524,
RULER-8K,0.5,KeyDiffPress,QuantizedCache,13,154,0.08441558441558442,0.8924367877492878,1.0,0.001248837266968954,0.01369122415300303,0.12851834627129613,0.9740537335871629
RULER-8K,0.5,ThinKPress,ChunkKVPress_Knorm,359,968,0.37086776859504134,1.0,0.5486188486536676,8.516048963573187,1.1431433359502878,0.09700632772229381,
RULER-8K,0.5,ThinKPress,AdaKVPress,71,968,0.07334710743801653,1.0,0.686318140323422,8.077111903487209,0.20220264738892715,0.09286181609992117,
RULER-8K,0.5,ThinKPress,QuantizedCache,27,968,0.027892561983471075,1.0,1.0,6.46290134895541,0.006853712996916987,0.18337680788864935,0.9687159873090726
RULER-8K,0.5,ChunkKVPress_Knorm,AdaKVPress,31,399,0.07769423558897243,0.7683243727598567,0.717829674432497,0.14759693997476572,0.013690340219344128,,
RULER-8K,0.5,ChunkKVPress_Knorm,QuantizedCache,24,362,0.06629834254143646,0.7481867283950617,1.0,0.040520443593715684,0.00785170850667726,,0.9641609494140649
RULER-8K,0.5,AdaKVPress,QuantizedCache,14,84,0.16666666666666666,0.7358465608465609,1.0,0.0019319809859959752,0.0005106603396566323,,0.9792058956964886
RULER-8K,0.75,StreamingLLMPress,SnapKVPress,13,298,0.0436241610738255,0.07692307692307693,0.8914307336182337,0.4366320519139194,0.03967031765591784,0.029429959300315292,0.05222594226128382
RULER-8K,0.75,StreamingLLMPress,TOVAPress,7,292,0.023972602739726026,0.07142857142857142,0.9767195767195768,0.06258475478188526,-0.00034885220932505997,0.026446757701025447,0.22716516276224272
RULER-8K,0.75,StreamingLLMPress,KeyDiffPress,27,312,0.08653846153846154,0.23148148148148148,0.9601401748971193,0.7436061902969677,0.08155815955879417,0.06855903140457392,0.10014311358684377
RULER-8K,0.75,StreamingLLMPress,ThinKPress,10,298,0.03355704697986577,0.425,1.0,0.26648772484337907,0.002874565005551899,0.12242997334223249,0.9871735521159275
RULER-8K,0.75,StreamingLLMPress,ChunkKVPress_Knorm,45,413,0.1089588377723971,0.4166666666666667,0.7834670781893004,1.6474897387778844,1.19139596700974,0.1789905448305916,
RULER-8K,0.75,StreamingLLMPress,AdaKVPress,8,294,0.027210884353741496,0.1875,0.9044921875,0.05302466623290422,-0.0011096026294774297,0.0515689822855802,
RULER-8K,0.75,StreamingLLMPress,QuantizedCache,7,289,0.02422145328719723,0.25,1.0,0.29412480689139503,-5.4930568080496e-06,0.05716048275934127,0.999999452556605
RULER-8K,0.75,SnapKVPress,TOVAPress,7,29,0.2413793103448276,0.9730076058201058,0.9874338624338624,-0.0003566423187581412,-0.00035025558224648686,0.06435941348749585,0.21804362168247304
RULER-8K,0.75,SnapKVPress,KeyDiffPress,11,65,0.16923076923076924,0.9147359006734007,0.9836700336700338,-0.000381859179025385,-0.0011804575410970292,0.05633380489906899,0.12250664188297997
RULER-8K,0.75,SnapKVPress,ThinKPress,4,41,0.0975609756097561,0.9039207175925926,1.0,0.0010858886494133912,0.0013851803471967017,0.05402023828620874,1.0594834250471845
RULER-8K,0.75,SnapKVPress,ChunkKVPress_Knorm,10,185,0.05405405405405406,0.904230324074074,0.8360648148148148,0.0005737536962290513,0.003928729466901304,0.055179167180088654,
RULER-8K,0.75,SnapKVPress,AdaKVPress,9,30,0.3,0.925533693415638,0.8799189814814815,-0.0006555293821419975,-0.0005695732427872554,0.05800185500486416,
RULER-8K,0.75,SnapKVPress,QuantizedCache,4,29,0.13793103448275862,0.9678819444444444,1.0,3.1091206360578383e-06,2.453547485181673e-06,0.06709719606714086,0.9974127922906478
RULER-8K,0.75,TOVAPress,KeyDiffPress,6,58,0.10344827586206896,0.9899691358024691,0.9941165123456791,-0.00040692801713896703,-0.0014197760065184362,0.21577056675539408,0.0932210666784297
RULER-8K,0.75,TOVAPress,ThinKPress,3,30,0.1,0.9861111111111112,1.0,-0.0009206986462812298,0.005545541847769897,0.22033948305793893,1.0098517774704057
RULER-8K,0.75,TOVAPress,ChunkKVPress_Knorm,4,179,0.0223463687150838,0.9849537037037037,0.9565972222222222,-0.0006905041168844273,0.010023869499937832,0.21721830005380602,
RULER-8K,0.75,TOVAPress,AdaKVPress,8,19,0.42105263157894735,0.9822916666666667,0.9089626736111112,-0.000327482154587444,0.00012692925544888212,0.2243836463059408,
RULER-8K,0.75,TOVAPress,QuantizedCache,5,16,0.3125,0.9762962962962962,1.0,-3.549888620755226e-05,-5.4230743088190536e-05,0.23225949121303585,0.9981502702682892
RULER-8K,0.75,KeyDiffPress,ThinKPress,10,63,0.15873015873015872,0.9689641203703703,1.0,0.00311061811329294,0.023721842440814232,0.12070376295503116,1.0469399202252692
RULER-8K,0.75,KeyDiffPress,ChunkKVPress_Knorm,19,204,0.09313725490196079,0.9620492202729046,0.7910575048732944,0.06195026484973131,0.13096228235537644,0.1248623504000331,
RULER-8K,0.75,KeyDiffPress,AdaKVPress,10,57,0.17543859649122806,0.9800810185185185,0.880179398148148,-0.0011106853225255175,-0.0005089375934992368,0.12293399439074781,
RULER-8K,0.75,KeyDiffPress,QuantizedCache,4,57,0.07017543859649122,0.9965277777777778,1.0,2.8209152577840513e-05,-4.927169783286445e-13,0.09713353430510407,1.0005595104836331
RULER-8K,0.75,ThinKPress,ChunkKVPress_Knorm,12,180,0.06666666666666667,1.0,0.8758101851851853,0.021198632838299186,0.2535190248896555,1.0157654007565322,
RULER-8K,0.75,ThinKPress,AdaKVPress,8,28,0.2857142857142857,1.0,0.8929615162037037,-0.009657194764522398,0.004426228762165169,1.0281363082509944,
RULER-8K,0.75,ThinKPress,QuantizedCache,3,27,0.1111111111111111,1.0,1.0,0.0002912380357871225,-1.3191568626262177e-05,1.0029206859689803,1.001012558447302
RULER-8K,0.75,ChunkKVPress_Knorm,AdaKVPress,8,178,0.0449438202247191,0.8758680555555556,0.896216724537037,0.0017596376272307201,0.004421531515127336,,
RULER-8K,0.75,ChunkKVPress_Knorm,QuantizedCache,4,176,0.022727272727272728,0.9623842592592593,1.0,7.858741070471131e-05,-9.824137973402092e-06,,1.0010133276795785
RULER-8K,0.75,AdaKVPress,QuantizedCache,6,18,0.3333333333333333,0.8967013888888888,1.0,0.0005782293932540261,-5.171522095126502e-05,,0.9982129255123672
